{"cameraMode":{"drawMode":0,"name":"Shaded","section":"Shading Mode"},"sceneLighting":false,"audioPlay":false,"sceneViewState":{"m_AlwaysRefresh":false,"showFog":true,"showSkybox":false,"showFlares":true,"showImageEffects":true,"showParticleSystems":true,"showVisualEffectGraphs":true,"m_FxEnabled":true},"in2DMode":false,"pivot":{"x":-5.960464477539063e-8,"y":0.7467933297157288,"z":0.13018560409545899},"rotation":{"x":-0.1642158031463623,"y":0.02337302453815937,"z":-0.0038922112435102464,"w":-0.986140251159668},"size":4.27172327041626,"orthographic":false}