{"cameraMode":{"drawMode":0,"name":"Shaded","section":"Shading Mode"},"sceneLighting":false,"audioPlay":false,"sceneViewState":{"m_AlwaysRefresh":false,"showFog":true,"showSkybox":false,"showFlares":true,"showImageEffects":true,"showParticleSystems":true,"showVisualEffectGraphs":true,"m_FxEnabled":true},"in2DMode":false,"pivot":{"x":1.8901313543319703,"y":0.40384817123413088,"z":-0.42412757873535159},"rotation":{"x":0.12493070960044861,"y":0.04910294711589813,"z":-0.0061842347495257858,"w":0.9909412264823914},"size":8.831382751464844,"orthographic":false}