{"cameraMode":{"drawMode":0,"name":"Shaded","section":"Shading Mode"},"sceneLighting":false,"audioPlay":false,"sceneViewState":{"m_AlwaysRefresh":false,"showFog":true,"showSkybox":false,"showFlares":true,"showImageEffects":true,"showParticleSystems":true,"showVisualEffectGraphs":true,"m_FxEnabled":true},"in2DMode":false,"pivot":{"x":-0.5458278059959412,"y":-0.009200789034366608,"z":1.919394612312317},"rotation":{"x":0.21017523109912873,"y":-0.7841918468475342,"z":0.35642287135124209,"w":0.4624212384223938},"size":2.388169288635254,"orthographic":false}