{"cameraMode":{"drawMode":0,"name":"Shaded","section":"Shading Mode"},"sceneLighting":false,"audioPlay":false,"sceneViewState":{"m_AlwaysRefresh":false,"showFog":true,"showSkybox":false,"showFlares":true,"showImageEffects":true,"showParticleSystems":true,"showVisualEffectGraphs":true,"m_FxEnabled":true},"in2DMode":false,"pivot":{"x":2.576259136199951,"y":3.3822734355926515,"z":148.76980590820313},"rotation":{"x":-0.0009288840810768306,"y":-0.9781526923179627,"z":0.20788279175758363,"w":-0.004396648146212101},"size":3.6734118461608888,"orthographic":false}