{"cameraMode":{"drawMode":0,"name":"Shaded","section":"Shading Mode"},"sceneLighting":false,"audioPlay":false,"sceneViewState":{"m_AlwaysRefresh":false,"showFog":true,"showSkybox":false,"showFlares":true,"showImageEffects":true,"showParticleSystems":true,"showVisualEffectGraphs":true,"m_FxEnabled":true},"in2DMode":false,"pivot":{"x":-7.016424179077148,"y":0.9917149543762207,"z":-7.791614532470703},"rotation":{"x":-0.10344554483890534,"y":-0.33530959486961367,"z":0.037070728838443759,"w":-0.9356781244277954},"size":11.000235557556153,"orthographic":false}