{"cameraMode":{"drawMode":0,"name":"Shaded","section":"Shading Mode"},"sceneLighting":true,"audioPlay":false,"sceneViewState":{"m_AlwaysRefresh":false,"showFog":true,"showSkybox":true,"showFlares":true,"showImageEffects":true,"showParticleSystems":true,"showVisualEffectGraphs":true,"m_FxEnabled":true},"in2DMode":false,"pivot":{"x":1299.3055419921875,"y":-6.2534284591674809,"z":1421.60888671875},"rotation":{"x":-0.2716256380081177,"y":-0.01357231941074133,"z":0.0038308333605527879,"w":-0.9623010158538818},"size":13.210406303405762,"orthographic":false}