{"cameraMode":{"drawMode":0,"name":"Shaded","section":"Shading Mode"},"sceneLighting":true,"audioPlay":false,"sceneViewState":{"m_AlwaysRefresh":false,"showFog":true,"showSkybox":true,"showFlares":true,"showImageEffects":true,"showParticleSystems":true,"showVisualEffectGraphs":true,"m_FxEnabled":true},"in2DMode":false,"pivot":{"x":1379.3165283203125,"y":-0.26313257217407229,"z":993.5808715820313},"rotation":{"x":0.030417047441005708,"y":-0.9695547819137573,"z":0.1758265346288681,"w":0.16772453486919404},"size":1.756221890449524,"orthographic":false}