{"cameraMode":{"drawMode":0,"name":"Shaded","section":"Shading Mode"},"sceneLighting":true,"audioPlay":false,"sceneViewState":{"m_AlwaysRefresh":false,"showFog":true,"showSkybox":true,"showFlares":true,"showImageEffects":true,"showParticleSystems":true,"showVisualEffectGraphs":true,"m_FxEnabled":true},"in2DMode":false,"pivot":{"x":936.9703369140625,"y":542.3031005859375,"z":-0.01385498046875},"rotation":{"x":-0.0035999829415231945,"y":-0.0060005197301507,"z":-0.000021513777028303593,"w":0.9999794363975525},"size":713.0306396484375,"orthographic":true}