{"cameraMode":{"drawMode":0,"name":"Shaded","section":"Shading Mode"},"sceneLighting":true,"audioPlay":false,"sceneViewState":{"m_AlwaysRefresh":false,"showFog":true,"showSkybox":true,"showFlares":true,"showImageEffects":true,"showParticleSystems":true,"showVisualEffectGraphs":true,"m_FxEnabled":true},"in2DMode":false,"pivot":{"x":-595.3670654296875,"y":-0.08204544335603714,"z":249.4923095703125},"rotation":{"x":0.3438650071620941,"y":-0.11285043507814408,"z":0.041668590158224109,"w":0.9312817454338074},"size":1841.1798095703125,"orthographic":false}