{"cameraMode":{"drawMode":0,"name":"Shaded","section":"Shading Mode"},"sceneLighting":true,"audioPlay":false,"sceneViewState":{"m_AlwaysRefresh":false,"showFog":true,"showSkybox":true,"showFlares":true,"showImageEffects":true,"showParticleSystems":true,"showVisualEffectGraphs":true,"m_FxEnabled":true},"in2DMode":false,"pivot":{"x":1263.9571533203125,"y":-29.740894317626954,"z":1673.97509765625},"rotation":{"x":-0.23472657799720765,"y":0.39274898171424868,"z":-0.10439962893724442,"w":-0.8830358386039734},"size":105.78495025634766,"orthographic":false}