{"cameraMode":{"drawMode":0,"name":"Shaded","section":"Shading Mode"},"sceneLighting":true,"audioPlay":false,"sceneViewState":{"m_AlwaysRefresh":false,"showFog":true,"showSkybox":true,"showFlares":true,"showImageEffects":true,"showParticleSystems":true,"showVisualEffectGraphs":true,"m_FxEnabled":true},"in2DMode":false,"pivot":{"x":908.7769165039063,"y":568.2271118164063,"z":10.078444480895996},"rotation":{"x":0.010799416340887547,"y":0.008399019949138165,"z":-0.00009062115714186803,"w":0.999909520149231},"size":509.37188720703127,"orthographic":false}