{"cameraMode":{"drawMode":0,"name":"Shaded","section":"Shading Mode"},"sceneLighting":true,"audioPlay":false,"sceneViewState":{"m_AlwaysRefresh":false,"showFog":true,"showSkybox":true,"showFlares":true,"showImageEffects":true,"showParticleSystems":true,"showVisualEffectGraphs":true,"m_FxEnabled":true},"in2DMode":false,"pivot":{"x":-11.484460830688477,"y":-16.907018661499025,"z":287.7929992675781},"rotation":{"x":-0.011999663896858693,"y":-0.004791068844497204,"z":0.00005904482532059774,"w":-0.9999370574951172},"size":180.5093536376953,"orthographic":false}