{"cameraMode":{"drawMode":0,"name":"Shaded","section":"Shading Mode"},"sceneLighting":false,"audioPlay":false,"sceneViewState":{"m_AlwaysRefresh":false,"showFog":true,"showSkybox":false,"showFlares":true,"showImageEffects":true,"showParticleSystems":true,"showVisualEffectGraphs":true,"m_FxEnabled":true},"in2DMode":false,"pivot":{"x":-385.8468933105469,"y":13.191868782043457,"z":408.65948486328127},"rotation":{"x":-0.7011504173278809,"y":0.0014952041674405337,"z":-0.0014704859349876643,"w":-0.7130128145217896},"size":58.40987014770508,"orthographic":false}