{"cameraMode":{"drawMode":0,"name":"Shaded","section":"Shading Mode"},"sceneLighting":true,"audioPlay":false,"sceneViewState":{"m_AlwaysRefresh":false,"showFog":true,"showSkybox":true,"showFlares":true,"showImageEffects":true,"showParticleSystems":true,"showVisualEffectGraphs":true,"m_FxEnabled":true},"in2DMode":false,"pivot":{"x":3.651357889175415,"y":-55.05911636352539,"z":191.0265350341797},"rotation":{"x":0.21835224330425263,"y":0.013169570825994015,"z":-0.0029514071065932514,"w":0.9757884740829468},"size":164.95806884765626,"orthographic":false}