{"cameraMode":{"drawMode":0,"name":"Shaded","section":"Shading Mode"},"sceneLighting":true,"audioPlay":false,"sceneViewState":{"m_AlwaysRefresh":false,"showFog":true,"showSkybox":true,"showFlares":true,"showImageEffects":true,"showParticleSystems":true,"showVisualEffectGraphs":true,"m_FxEnabled":true},"in2DMode":false,"pivot":{"x":-23.945072174072267,"y":-0.2547130584716797,"z":143.03504943847657},"rotation":{"x":-0.05095689371228218,"y":0.027552707120776178,"z":-0.001407223753631115,"w":-0.9983229041099548},"size":91.91864776611328,"orthographic":false}