{"cameraMode":{"drawMode":0,"name":"Shaded","section":"Shading Mode"},"sceneLighting":true,"audioPlay":false,"sceneViewState":{"m_AlwaysRefresh":false,"showFog":true,"showSkybox":true,"showFlares":true,"showImageEffects":true,"showParticleSystems":true,"showVisualEffectGraphs":true,"m_FxEnabled":true},"in2DMode":false,"pivot":{"x":1295.9742431640625,"y":0.12934276461601258,"z":1325.8289794921875},"rotation":{"x":-0.37264227867126467,"y":0.4041091799736023,"z":-0.18484871089458466,"w":-0.8146558403968811},"size":12.793864250183106,"orthographic":false}