{"cameraMode":{"drawMode":0,"name":"Shaded","section":"Shading Mode"},"sceneLighting":false,"audioPlay":false,"sceneViewState":{"m_AlwaysRefresh":false,"showFog":true,"showSkybox":false,"showFlares":true,"showImageEffects":true,"showParticleSystems":true,"showVisualEffectGraphs":true,"m_FxEnabled":true},"in2DMode":false,"pivot":{"x":293.828369140625,"y":185.67367553710938,"z":0.21662959456443788},"rotation":{"x":-0.016208237037062646,"y":0.009295887313783169,"z":-0.0001506154367234558,"w":-0.9998275637626648},"size":88.79846954345703,"orthographic":false}