{"cameraMode":{"drawMode":0,"name":"Shaded","section":"Shading Mode"},"sceneLighting":false,"audioPlay":false,"sceneViewState":{"m_AlwaysRefresh":false,"showFog":true,"showSkybox":false,"showFlares":true,"showImageEffects":true,"showParticleSystems":true,"showVisualEffectGraphs":true,"m_FxEnabled":true},"in2DMode":false,"pivot":{"x":-2.375343084335327,"y":1.9529926776885987,"z":-2.4380619525909426},"rotation":{"x":0.014398219995200634,"y":-0.01319876592606306,"z":0.00019013675046153367,"w":0.9998109340667725},"size":3.430574655532837,"orthographic":false}