{"cameraMode":{"drawMode":0,"name":"Shaded","section":"Shading Mode"},"sceneLighting":false,"audioPlay":false,"sceneViewState":{"m_AlwaysRefresh":false,"showFog":true,"showSkybox":false,"showFlares":true,"showImageEffects":true,"showParticleSystems":true,"showVisualEffectGraphs":true,"m_FxEnabled":true},"in2DMode":false,"pivot":{"x":22.51849365234375,"y":-21.34830665588379,"z":9.838339805603028},"rotation":{"x":-0.2043304741382599,"y":-0.016740981489419938,"z":0.0034956135787069799,"w":-0.9787544012069702},"size":30.207212448120118,"orthographic":false}