{"cameraMode":{"drawMode":0,"name":"Shaded","section":"Shading Mode"},"sceneLighting":false,"audioPlay":false,"sceneViewState":{"m_AlwaysRefresh":false,"showFog":true,"showSkybox":false,"showFlares":true,"showImageEffects":true,"showParticleSystems":true,"showVisualEffectGraphs":true,"m_FxEnabled":true},"in2DMode":false,"pivot":{"x":-0.675674557685852,"y":-0.14469774067401887,"z":0.44274070858955386},"rotation":{"x":0.15582185983657838,"y":-0.3315531015396118,"z":0.05561191216111183,"w":0.9288316369056702},"size":2.4179635047912599,"orthographic":false}